Frete grátis?,FreteGratis
Quanto tá o frete?,DadosFrete
qual o valor do frete para maringá?,DadosFrete
quanto ta o frete pra maringá?,DadosFrete
quanto ta o frte para maringá,DadosFrete
quanto ta o fete para maringá,DadosFrete
quanto ta o furete para maringá,DadosFrete
quanto tá o ferte pra pitamanhamgaba?,DadosFrete
queria muito frete baixo pra comprar o produto não tenho certeza se é bom,DadosFrete
tem frete?,DadosFrete
para meu cep diz que tem o frete grátis,FreteGratis
qual o frete para o cep 92110001,DadosFrete
o frete não é gratuito?,FreteGratis
o frete gratis é via pac ou sedex,FreteGratis
o aviso fala frete gratis.,FreteGratis
nao faz sem frete nao?,DadosFrete
não está aparecendo frete grátis,FreteGratis
anuncia frete grátis mas quando coloco no carrinho pego frete.,FreteGratis
é grátis o frete ou não?,FreteGratis
é frete normal e ñ sedex,DadosFrete
acompanha nota fiscal?,DadosNotaFiscal
vem com nota?,DadosNotaFiscal
só compro com nota,DadosNotaFiscal
quero nota fiscal,DadosNotaFiscal
produto vem com a nota?,DadosNotaFiscal
se comprar envia a nota?,DadosNotaFiscal
quero comprar com nota?,DadosNotaFiscal
envia nota fiscal pra mim?,DadosNotaFiscal
emite nota fiscal?,DadosNotaFiscal
vem com nf,DadosNotaFiscal
nf acompanha o produto?,DadosNotaFiscal
segue a nf?,DadosNotaFiscal